Student_ID,math_score,reading_score,writing_score
4C25D2D418EC,48,28,23
592288068D0E,36,29,23
493EFBA51280,20,29,25
9508878DBECD,32,34,28
B814C88DED05,36,38,29
90F347125D27,36,36,30
2F0C6D6AA452,49,39,30
26663929B9D5,41,40,32
2DF8539DE639,35,35,34
6E574745ADFD,35,41,34
C89576B45391,37,41,34
1272940F8AEF,31,30,35
9EE483033922,36,34,35
1065E531486A,43,38,35
E235C07F2441,38,37,36
2428CA231380,42,38,36
D132A9371F5A,34,43,36
3049A95E9F66,35,45,36
377BA9A6E418,36,45,36
BE87DF6C173F,40,42,37
315438036B3A,47,48,37
EA35CA02E260,56,41,38
C46132201669,35,41,38
153D811E08FB,50,43,38
00E7C83E7D03,34,44,38
FDDB4FCD74E7,37,39,39
9C6A00155CAC,53,40,39
62475ADCE79B,46,41,39
619F8FAA4668,46,42,39
FC37FD84A71D,37,43,39
0849A9259271,40,44,39
975C897407C7,48,45,39
146C5610BBF5,42,40,40
338D452B1F05,32,41,40
972D3C8707CB,40,43,40
5E9849FC981D,38,45,40
398EDC8D7360,40,46,40
6B156B454D40,45,49,40
52CD9A8E44CB,41,51,40
F43FDFEB98FA,44,52,40
A62CF1A934EB,46,39,41
9825D0BC400A,28,40,41
B8E247196BF6,36,42,41
F3A66D61CE56,28,44,41
B3FC85821768,58,45,41
A2C38CA3E744,55,45,41
511F8AF7443A,46,50,41
40556FA30792,25,37,42
7843A89BA2D0,49,41,42
91171C440411,41,42,42
7811A6F2B2B7,33,42,42
4D766AFEF073,24,43,42
EBA8709921FF,46,46,42
141E27304EDF,50,48,42
308CB08FF368,54,54,42
F9BB6DFB6871,50,39,43
4AE08C879D70,47,47,43
9AB24E51F16A,54,47,43
0A4DFCB22E3E,54,47,43
FCD19E14F00F,50,49,43
BF0DAF397AD5,42,55,43
FACB636DFE8B,60,47,44
3D4C08D7EE27,58,48,44
5ADF231C953C,44,49,44
951579EA153B,49,51,44
ECFFA2F3516B,61,52,44
3DDC3A3C0417,22,38,45
164394D24A13,42,40,45
B42989CE5DB9,52,43,45
395FE2E19FE6,51,47,45
4268FC1BBF04,38,47,45
48547B1FCFE0,45,49,45
D0B0F313C535,41,50,45
4A92F11EF803,56,51,45
DEFE4FA15059,46,52,45
E7436BC28858,44,52,45
EA94E2C3709E,60,53,45
14767BD4E13A,66,53,45
6AB2F507F1B1,41,45,46
C8D9B82062BF,58,47,46
035827F94A61,57,51,46
6078960BD537,55,53,46
56A440B24863,39,53,46
E9C5A0CE239F,51,44,47
EDE430AD39D6,49,45,47
993F208CAFA0,52,45,47
6129D3AA7E7F,47,46,47
51A8CC09F9FF,39,47,47
18F422B236A7,44,47,47
2F36BFFD67B4,45,47,47
AB0D7FB833BB,50,48,47
707E7440EA76,47,48,47
E0B7E82AB286,61,50,47
8BF820548DED,46,54,47
7D40083BCBC1,39,54,47
224EB4ACD536,45,56,47
CC1C1725F728,65,57,47
E31B8A46282D,39,43,48
B10E0949211E,47,47,48
A94491B61F15,58,49,48
EAD8E09DFA79,48,51,48
93D484D71799,51,52,48
BDE86DC495C6,42,53,48
E18AB12AB162,58,56,48
226866F9C863,50,56,48
7871AA9DD084,47,41,49
74B8C805F3D9,56,42,49
17106B3281C1,51,47,49
19D32C291DDF,28,49,49
6A89E12B5DEC,52,50,49
28017C810D08,53,50,49
165285871EF4,61,51,49
FAB8D651298F,53,51,49
CF51A52CD06A,40,53,49
BB3CCFB22F7B,44,56,49
61A8766708E7,53,60,49
00A86A3C467B,32,48,50
19722F5952DD,53,50,50
5F73E8A5C12D,50,51,50
157D23B47BBF,43,52,50
E7A6F35016F2,61,54,50
C8F0B3D5312C,61,56,50
3005C243B257,56,60,50
D5340932D27E,65,60,50
87CA803A0EA2,58,50,51
EDC3ED6DC9A6,44,50,51
2307B5AF2A5A,49,52,51
BFAC1D129ED3,50,53,51
99610D179BB1,47,53,51
515A86600BEB,61,55,51
36FEF26338A0,51,56,51
B6216E2EADCE,40,50,52
5E330507B99D,47,52,52
395856098203,64,52,52
A02902536932,52,55,52
9E9A6347A464,67,57,52
3276FF5247AB,66,63,52
99658306486E,39,48,53
F995C3B84455,56,50,53
5EC54A3634C4,56,50,53
1E4760172997,49,51,53
DE272CCB97E4,50,52,53
71056FB2AD17,44,52,53
382B60906C52,58,53,53
7CC1CEAE852E,55,57,53
3BDD8AD15E95,58,57,53
4EFBB6761292,55,58,53
0AACB8FF24B4,46,58,53
1898EAD6447B,59,63,53
49B485B1DFF6,56,65,53
172F932A5471,63,67,53
65849BDF3E9C,42,49,54
411FA5DF14A0,56,50,54
B40031E14282,33,50,54
6670670DE4A0,53,51,54
6FD841149FEC,38,53,54
BACB506B8512,44,53,54
8D33C0362397,63,54,54
18E9521269A3,39,56,54
1F51FFB81525,42,57,54
06434770BAC4,50,58,54
A7522D288698,67,58,54
334CD50F9DEB,67,59,54
226840CABC14,59,59,54
F1D0A5877494,53,60,54
C91925B8883D,54,60,54
7CDCD2A3CC30,58,64,54
2E726A491B81,59,48,55
C19CF10E0311,44,48,55
4403A800FA0C,67,52,55
B03A186B6F6A,50,54,55
F817F2CC6CD9,69,54,55
A3A5558121AA,39,54,55
5C4D3C4A8FAF,61,55,55
7497EC3330F0,63,56,55
1EFC92B0F8CA,61,56,55
24CF63F300D2,41,56,55
F62CEF9005D6,58,57,55
36F499DE4744,48,57,55
459116B06019,56,58,55
CD1065DD9120,63,59,55
BFF287E77E33,40,59,55
5336CCAB317E,58,62,55
7835B3AF6B18,54,62,55
5189121EA9A3,50,64,55
15BAA7386610,58,65,55
1761EAEB10A9,43,51,56
75FFFC0FB397,55,52,56
CED46B7954A8,53,56,56
605AC17D0204,58,56,56
736B4EA905FB,68,56,56
ABD89FE93EC2,63,57,56
C782923511BF,60,57,56
7D90E0B4EBDF,45,58,56
F368AD373F48,32,59,56
514359F1B74D,63,60,56
5231F7FC4320,58,60,56
3CC1A93E1853,66,60,56
278DEF78BEC1,57,62,56
EF35905E7B1F,52,63,56
A49C2A63E851,47,64,56
8EEC776A43D9,61,65,56
975B6F95D4AE,70,66,56
1F1DB4F82983,39,54,57
6578EB41D207,58,56,57
B86511A16115,42,57,57
FB2C3926D4EF,63,57,57
8D0AD0B0F306,43,57,57
8618601C8824,52,58,57
E73A11C8FA77,38,58,57
97DA59B1F1C8,54,59,57
5189D8C1F336,66,59,57
1BD6E6A550A1,59,59,57
5E8E25E0E08D,69,60,57
4CA8AC460BAD,45,60,57
446C38A82833,75,61,57
16DC7150CCD8,65,61,57
9555F6ACDE13,52,63,57
A2FFFCBD3D99,73,63,57
0122E35F1919,74,65,57
4322895D34FF,67,65,57
62AC5143150B,51,67,57
168F35937296,65,68,57
D2FBBE842488,51,52,58
1A9B276FB346,65,56,58
589C6B138C1A,49,57,58
CBF82FFD35DE,61,57,58
A5A44CFE114D,56,59,58
D04CD3B2E453,59,60,58
C27A73C1E958,65,61,58
5C6E4E772A46,52,61,58
37808CD38737,70,62,58
1130955A6644,58,64,58
5BFE009AF2B7,52,66,58
D271E08199D1,63,69,58
0D61BA602316,68,70,58
E26EB2269D25,44,54,59
75098DACE4FD,50,56,59
E0C4F7D14B55,45,59,59
54200F61AF70,76,59,59
38CD7CA404EF,56,60,59
9DF2F5473FA8,52,63,59
C9254BEBC1E0,63,64,59
2397396066FF,55,64,59
9051B7C03F73,64,64,59
45C2B209B3B3,64,64,59
61C8C5733BB5,48,65,59
E7AFE8B0FC13,47,65,59
B15BD476EEBC,49,65,59
06F57C0CE294,49,66,59
15C2005F8BE6,61,67,59
E5C92545045F,53,68,59
2FDB4F923A22,47,52,60
E336763331F2,56,53,60
07A1A2FDE3EC,63,55,60
B3FC3CAE4EA9,51,57,60
501A0C75823D,64,58,60
B9BA665B319A,63,60,60
B340B10A3EA0,50,61,60
74512218FBE9,70,61,60
C81E93B1C0AC,63,61,60
14B7CC4AEB5B,48,62,60
4473581D28E3,55,62,60
27C73E600CC0,64,63,60
58F192B5E015,52,63,60
91B34C69D0A6,67,65,60
267964940168,59,65,60
932F0D2360F8,72,66,60
C3D918FD62E0,63,66,60
45D15C5E203A,45,66,60
402093B50F07,47,70,60
C995E6225DB5,64,61,61
544662C2A4EE,62,61,61
C3061BF79477,66,61,61
9478F8191330,74,62,61
920E90292BFF,58,63,61
1526707671A1,65,63,61
3D8DC159614F,61,63,61
1A0A099A44C9,46,63,61
6C0FC39AFD0F,63,63,61
4739DDD476DC,67,63,61
77E4A818DBC7,47,64,61
7C711505EC7E,77,64,61
90110B2C38E6,66,65,61
F09D1FCF3966,64,65,61
6F91658B6649,74,65,61
157A83960377,72,65,61
86E3CAC49AB9,55,66,61
ADEA1A9BDA25,49,67,61
F7CFBA05F4A7,68,69,61
B22935154156,60,69,61
95FE8B6700A3,73,75,61
2BB66599B20D,64,56,62
52C681C4BB58,79,59,62
1C1ADA4E9E7F,59,60,62
D38F05E656BA,61,60,62
9A1460731552,52,60,62
45FE852B31C8,66,61,62
4F1D3DD077AD,65,62,62
D11B4FDCE6FC,74,63,62
7F5A13CFBDA0,63,64,62
F61EF2F86206,60,64,62
4802DCF935A0,53,65,62
305E9F1AA67D,63,65,62
F3003375BB3D,67,66,62
E9A4A3D1A455,53,66,62
2FF132E08CA3,77,66,62
FC51978DBF62,77,66,62
9E11F1395DE2,61,66,62
D9FCACCA0258,71,66,62
A9CCF5316DB5,71,67,62
92CFA0704F8C,72,68,62
198BC28F4C79,55,69,62
DF7E31538559,71,70,62
29D5420C7B8E,69,71,62
56814287F614,53,56,63
FB92FD5CDD33,58,58,63
1AD236703C0A,52,60,63
270901840C45,67,60,63
59981EEA96CE,42,60,63
F407302B4506,60,62,63
3720461F4483,61,63,63
96330EDCA9EC,67,63,63
0627DDC78F2B,65,63,63
8C95992C1D85,80,63,63
451048AA3C25,54,63,63
5DF8FAAFB299,71,64,63
4B059F14F68D,70,65,63
E6B17B9C62AB,58,65,63
C99E2A998253,69,65,63
8CC38609E32B,72,65,63
6D564E40A439,61,66,63
9F4D737752D8,62,66,63
1036AB4B89A5,78,66,63
3369487B6030,65,67,63
1329C72D8787,64,67,63
D370FD74A8D1,72,67,63
6C4962F3F175,69,67,63
832D9942C6B8,81,67,63
FDA4D0DDDE7F,70,68,63
9E1BAE3EFE7D,60,68,63
E982335D6BCA,71,70,63
DAF574DC1DCC,66,74,63
38A756689D01,46,58,64
48BDB417D917,51,58,64
22568EDE52C4,48,58,64
EBFF21605CC6,63,60,64
1AAE34AE28EB,61,61,64
E9442F4653E3,77,61,64
CD62C0037B30,56,61,64
BEEF12C482D0,67,62,64
DA4A1D845E53,58,62,64
145B74D5CDD6,64,63,64
240766E80C3D,58,63,64
2387ECDB2D21,65,64,64
D297CAC662B1,61,65,64
C0E6B3F5D132,58,65,64
8F6780D2A492,65,65,64
A09DB2B3F507,75,65,64
03C440C5199C,52,66,64
8CC9C9B495DD,70,67,64
8BC7D3CA2209,67,68,64
394A549666A0,59,68,64
00A29B9734B4,65,69,64
F54D045537F4,54,69,64
2885445CF71F,64,69,64
1F1950AD9E3C,50,70,64
D40F05782253,76,72,64
75B650A5FA2E,77,79,64
D4FFA9CDD071,57,55,65
BD9E59C0DC39,41,56,65
84AD2EBE3EB3,65,58,65
81767BB9205A,50,58,65
67986BFFBF51,55,60,65
84A35900FBAB,59,62,65
61FAA8D38819,67,62,65
35AF11AEA790,60,62,65
1032999DACF8,51,63,65
0ED9E08A488F,73,63,65
EE9D165109EA,55,64,65
6470DBE6EB35,50,64,65
E958CBC5FFF7,48,64,65
6CD0DF673D58,58,65,65
DC16EE01489C,64,65,65
D834CCCC7EAE,60,65,65
41D102A9B781,59,66,65
CB0BA8AFDD70,61,66,65
ACE9A55708FE,76,67,65
760EE84C6AA7,69,68,65
FEF58C35727E,61,68,65
254077DBC4D5,68,68,65
BCAD2AF6F5E7,50,68,65
27F80CDA66D5,77,69,65
5D962802996C,71,69,65
8A952A2D7D1A,61,70,65
A2D8C0C04E1E,74,70,65
ACCB4E96A23C,67,71,65
BD5932B3BD71,90,72,65
1A13D6CCAE8E,61,73,65
3806A01744EC,60,77,65
E1E4E56C0276,56,60,66
9C340292AC83,78,61,66
E93F19AAA1E1,62,61,66
078C9D6C7846,56,62,66
0B93C820D727,59,63,66
63188317312F,61,63,66
C1FE5D19F013,86,64,66
CD9944E34A1B,69,64,66
922109685F29,66,65,66
F0D469E44A0F,56,65,66
2E3EA6868028,60,65,66
A599129D0F26,75,65,66
233208F4FE32,77,65,66
321E963F5D2A,70,65,66
6609C7960EAA,54,65,66
17DEC51E5DFC,68,66,66
05A1EBB67463,71,67,66
4A333A23C5D0,71,67,66
BA9D19F0E1C1,73,67,66
D3B75D5A27F7,83,67,66
2C2CADABA5B9,65,67,66
1B88E8DF360F,70,67,66
A21613612F0D,58,67,66
39FA45B7DC20,74,69,66
9ABD506FE024,77,69,66
2A8732C4F5C2,67,70,66
9495216FD8AA,62,70,66
87F427094745,66,70,66
1D6A51BCD702,70,70,66
49BA5F7B8BCA,78,72,66
8F98FAED8372,85,73,66
F5221FAF3D22,76,73,66
B79537E22F9F,69,61,67
0304022FC741,75,62,67
0D2E9EB0A950,49,63,67
685E2F3C546D,56,65,67
7AC55AD8DB89,62,66,67
B0EEAAF4FAEF,70,67,67
47391A9A8ACD,67,67,67
C4EE54CE9551,74,67,67
36D5545BFA4D,55,67,67
EFC8DCB1139C,87,67,67
CD8FB8898D24,57,68,67
35587BE80172,75,68,67
4221B685538D,77,69,67
00286B0CC7E8,75,70,67
7BB547276B1E,80,70,67
ECC06C13AD29,58,70,67
48308204DEAB,75,70,67
22DD464BA2AB,70,71,67
A5FB48C78B4B,87,72,67
E898000312DC,70,72,67
033D1D1734FE,70,76,67
A4FD384F7256,55,79,67
DCBC3F1A9843,65,64,68
001F77FB52EB,66,65,68
9CE51413C045,56,67,68
098D3CC1683B,62,67,68
C0FFC751B751,51,68,68
5450C151A48E,57,68,68
08295C79993F,73,69,68
D489D7FD445B,76,69,68
85D341012F75,68,69,68
D128D6CBA66A,76,69,68
FEE71DB64712,59,69,68
22E7A1158638,62,70,68
23498828DBAD,84,70,68
434FE647F2B5,63,73,68
77CBC1086423,70,76,68
2071184615A3,67,62,69
F2D1D7DBD65F,61,64,69
2E57E622CA59,69,64,69
76BB9D890DD5,67,65,69
DD07CD125535,79,66,69
FABB79BBEF58,62,67,69
CC2F443C5C99,58,68,69
81F77091A590,77,68,69
54750234029D,74,68,69
3F8284ED2793,58,68,69
F83EBC9F4C13,63,68,69
7676195ABF74,65,68,69
BD27CE6F9E0E,60,69,69
AA4108492775,59,69,69
7547755F36C2,61,69,69
77F5F1800B95,55,69,69
C184023552D8,46,70,69
A5BFA723B10C,73,70,69
67408F770515,66,71,69
6D3F608FE710,96,71,69
32B495DE2EE2,66,71,69
15105D5AE66F,61,71,69
8B1B5F3FDEB2,68,72,69
64EDA4262789,79,72,69
89F994C48FD1,71,73,69
43E1519F2042,65,74,69
FCF0690076CC,85,75,69
45066AC412F5,95,75,69
934D314D8F45,77,76,69
80EB2329985A,81,78,69
60258D646DDB,76,65,70
64A37879240B,76,66,70
6FC0071A7924,59,66,70
D39427F2F8C2,66,66,70
B56E329AAA43,51,67,70
F584055FF5BB,54,68,70
EF5CF3F7F42E,65,68,70
82940E318886,77,69,70
D6B2B541E861,77,69,70
74FBBB154C39,67,71,70
4A1ABE7D39C9,66,71,70
964AAAB6B273,63,71,70
6481B5D6B762,85,71,70
CA5AEBCB2524,60,71,70
FDC96A87583F,55,72,70
8B0D05E5DFAB,85,73,70
D856824B08C5,66,73,70
7F0F1226035E,82,74,70
D63633E80D95,85,74,70
C742FB8EA4AB,63,74,70
550757E1C0B3,63,75,70
E64E600928E1,76,76,70
621B0AA39775,59,76,70
F2A04EFE2C04,56,77,70
94234B8A48F4,70,77,70
E38759EE6B1A,60,77,70
43E44C1EBD17,69,77,70
A3CCABFB4B5C,86,78,70
32FA3310B17C,79,80,70
CD18750B1755,80,80,70
6ABE33B6BD9E,55,64,71
C123348C8D52,72,65,71
FDF6FE283A49,70,65,71
BBA2B77408F2,72,66,71
9DDCF587CCEB,59,66,71
4FEF1470383C,61,68,71
3D9017734B99,60,69,71
DA5D0EE8390E,59,70,71
FD9405EDC3A4,76,70,71
5A8AE4B9B146,81,71,71
DA30D2997CD0,87,72,71
1AF90CE789E2,79,72,71
DB9A0DC0BED4,74,72,71
352996286170,63,72,71
1A41D5CC16B9,66,73,71
419BAB44F9B4,85,73,71
67E87F36DDEC,70,74,71
5E47FD12696B,81,74,71
ED1F7DB9F62E,58,75,71
79409BE1102D,79,75,71
4A5D8A4FD2B4,77,76,71
9B5005FD8A1B,76,76,71
619D49540715,75,77,71
8539A389EC5D,71,78,71
F4835D2A718B,79,80,71
48DAABACAE14,59,63,72
F5BF6241319E,56,65,72
4E013FE63B70,71,66,72
723E537F641E,63,68,72
1FE8E2345AEC,47,68,72
12B92F8CBA64,79,68,72
CF98716BC4C6,61,69,72
50FF5F86E68D,56,69,72
79C116F98641,66,70,72
E2258E4F09CA,75,71,72
211BCA3E5FEE,85,71,72
EA1892100CDF,75,72,72
2A238AE66A67,79,72,72
DB0C9DBC1132,52,72,72
57C7975F7905,67,73,72
30B694BB28A7,65,73,72
78DE1881B331,60,73,72
AA7E547E96F1,89,74,72
C109B259FCA1,56,74,72
9DBF6C7E95C5,59,75,72
9DD832A8F1AA,79,76,72
CDD5C84A6CFC,64,77,72
ABD6FC557089,69,78,72
FBAC0A9BF036,57,79,72
92CF2A874655,61,84,72
B944854DBA45,77,69,73
A10DAD7189E6,62,70,73
89F1B077BA34,86,70,73
7AA894032868,53,71,73
7854354FFC63,61,71,73
F707B7C6FBC0,70,71,73
72E5D0E6DA12,53,71,73
B77EDAA37689,72,72,73
21D6F8F21AA2,72,72,73
C9D5EA88E5F8,70,74,73
FE6802584ED3,73,74,73
40AC24919374,67,74,73
EA4D0B05736A,60,75,73
762DE13EC60E,71,76,73
35458460B846,68,76,73
9DA62A96796F,79,77,73
A6F110D43D3E,85,77,73
8FA43DD771B2,80,77,73
8238B886DBAC,71,78,73
86E579B6A0FB,77,78,73
950C36E7E880,78,81,73
AE6DD4190E1A,82,83,73
4058B111F4FF,79,67,74
7586562AAF7E,83,69,74
51D6F3E69095,66,70,74
6CE52C7A48DE,79,71,74
AA8CD3D4EF3A,66,71,74
FD0C41A0A1D0,67,71,74
BA0433D8A643,68,71,74
2D41B37D0255,78,71,74
0E53E811B61E,59,71,74
20D059A58CAA,62,72,74
DB000515888C,71,72,74
7AF8D2A3201F,76,72,74
888DAF19A48E,83,72,74
8438496CD8B9,56,73,74
3C533912A0FA,56,73,74
F27D5FAAB689,71,73,74
BB7035BF4ADA,70,75,74
339F9AA99514,66,75,74
F0714931CC06,85,75,74
AA7288A8359C,77,77,74
D2FFDDE96F7B,77,79,74
94975EB1D5FF,62,81,74
B0F3DAF53680,56,82,74
22AF361EB8BC,71,68,75
8A4C29C07972,66,68,75
C13AC580A790,60,69,75
5C998F62377E,61,71,75
11773EC36EC1,79,72,75
61713BB4AFCE,78,72,75
630BB8BB6794,73,72,75
92F0728236CC,68,73,75
C29BC720D6C6,78,75,75
76FF6E4F240C,75,75,75
C138FF071BC1,63,77,75
8DD3D758A61A,76,77,75
CD06AE4F3639,87,78,75
771D0BC4FB5E,64,78,75
4F8E13C5777B,86,79,75
EF10567A6D03,64,79,75
9C50571B35D7,62,79,75
4CC92A9ECFD3,59,79,75
738618B83B57,81,79,75
680CF5F7AEEF,85,80,75
2ED3BCFBF98E,81,80,75
0C2C7A7D9F06,74,80,75
C3A1689DC962,87,82,75
98C57B1D2E5C,81,82,75
1C0C676F6404,62,84,75
F9994998CC67,69,68,76
C2719A2BC6E0,76,72,76
6165661F1FD3,66,72,76
57789A1110EB,80,73,76
DBF6650049AE,56,73,76
029F2F46E208,68,74,76
CE3C4FE15187,73,74,76
563ADEA2D777,85,74,76
A94B66617C21,59,75,76
7286040E7974,75,75,76
52A74FEAFA2B,76,76,76
66F1CCAB0182,75,76,76
F50EFA167C35,73,76,76
A2F665623C4F,82,76,76
C956E9858E3E,71,77,76
ABAD74B3A465,79,77,76
74D18C5B476A,72,77,76
F62BA0EBE1F4,60,78,76
BDB1E4A411D2,64,78,76
869A0ACEB1DE,86,78,76
B303BB730654,74,79,76
7D39374EC805,79,79,76
2E217CBBFD14,69,81,76
BA41D2DBD884,71,81,76
0409A342D107,66,82,76
E955849C4B86,85,83,76
E4D35FFFEE48,74,91,76
03E9B1593CBA,88,72,77
6EE9A7526F8F,74,73,77
E4D12A1EC897,73,73,77
C47F958ADF64,60,74,77
B8C8AA0F6A72,92,74,77
35A31E2FB72F,78,74,77
0A2F3D1EAC79,65,75,77
C1F066AD475D,72,75,77
325C2D277D3F,68,76,77
E513901FA3C6,58,77,77
7EDBB8F1D71C,78,77,77
FF22679D9BC8,73,77,77
782682A38E93,80,78,77
62E4CAED39FD,59,79,77
FDFB401FB111,70,79,77
8436CBC3C15C,63,79,77
CBDFAF9B7616,93,80,77
5E2828C74273,88,82,77
82B43EA3DA70,82,82,77
7B3C7D120C7A,89,88,77
F70C456BED4E,67,72,78
1C12888E215A,72,72,78
4948C2745C80,69,73,78
3DAA4AA75CB6,73,76,78
933F864098BB,77,76,78
CB25069087C9,84,76,78
83D31445FEF4,75,76,78
3B399EA04CF2,64,76,78
C616172759E8,77,76,78
6794DCBE9181,76,78,78
CB6391C19F30,68,78,78
F8E503B20A19,78,78,78
2B3E643FA766,69,78,78
E99ED75412EA,72,80,78
37519D30A333,84,81,78
1419793DEED9,77,82,78
0A715CA3393F,70,83,78
A547CBA4D950,78,83,78
1F5C0DB56347,74,84,78
AD59DD156E95,92,84,78
5E84F1380970,80,87,78
0E5CF28C44E4,67,72,79
B92F5B2EFB11,70,74,79
39719261D1BF,72,75,79
3E802BC8F946,76,76,79
84B769FB0573,79,76,79
274622CB9E2B,65,76,79
CC3F9DA412EB,68,76,79
9EF30BB08016,64,76,79
F14C07566C13,85,77,79
CBFFD6EA6552,70,77,79
B3852DFAC7E0,67,78,79
8F0644B7C78E,72,78,79
539454A178CB,75,78,79
EB60210EBD43,67,79,79
CFA5E0229773,83,79,79
60B7C15BF23C,73,80,79
8B3A9E1DC751,71,80,79
C23B5A073A81,76,80,79
F1421799A6B3,73,81,79
CDF2F698C392,83,82,79
6B188C86D3BB,94,84,79
A1099A67BA1C,97,84,79
E977EE1D149C,82,84,79
930AAA9B8074,81,84,79
A37DB832B74A,86,86,79
D80CEC6DAF4C,90,88,79
81EA5AACAE62,72,89,79
D3A656E62F7B,73,91,79
A16B78F7FB62,78,69,80
6D90AC5C0251,65,74,80
0C88704B3A92,91,75,80
D2CD4A9C4E2C,71,76,80
2125640ECC02,70,77,80
41A28855086B,68,78,80
F3114277CE37,69,78,80
D0ADAEEBDA9F,84,80,80
9AC3A9DEE300,86,80,80
75B5503ACB0F,72,82,80
C44DAB2103DD,94,83,80
D3FB1811A60B,85,85,80
A804470B0878,72,86,80
2A3EFCBB1621,77,76,81
BF55A2C58A1B,77,76,81
772F18D7EF4A,81,77,81
28AC86821ED4,71,77,81
8E1E147D6666,76,77,81
CA030BFFD583,60,78,81
44D1D8189B94,81,78,81
09583E86500A,73,82,81
B530265E2540,84,82,81
B5762A3F177E,79,83,81
B0F071BE0C1D,89,84,81
CCFC6B4B6798,78,85,81
8A8F66A1F44A,70,85,81
21D71B2E128A,75,86,81
9E51BE31D56D,76,89,81
CE48DF40E321,83,89,81
13BE594AEFDB,86,92,81
3EEA16DB60B1,74,75,82
A49A7C8E020F,74,77,82
25EDF5FE7661,89,77,82
C1951B0A66DE,96,77,82
AF844C87F237,80,77,82
C8744326ED44,88,79,82
B4252DADA10F,81,80,82
1C9DDA9C4CBB,71,80,82
921550861CAA,81,81,82
F0E46D5B7AF1,91,81,82
33E7E16B6081,79,83,82
2DA879154519,92,84,82
784EF86B34E7,77,84,82
358CEF526D9E,65,85,82
0E13F6C2C762,79,85,82
5696B5A4EE70,87,86,82
5735592E2F04,66,86,82
16649925C023,67,86,82
23EC1BD20ABE,78,87,82
959495040897,66,87,82
6FFE4CE605E7,76,89,82
F73D7D73A788,75,90,82
D8041D85C9AC,73,78,83
B68618EBE61A,56,79,83
1C6E72EE226E,77,79,83
5DFC51D3BB3C,75,79,83
A7C2EE515FB8,91,79,83
320181ACE77A,73,81,83
42EAD879A019,84,82,83
35F14201AF59,77,82,83
BAC092D4164D,87,82,83
885AFA4179F4,70,84,83
4196D5803C25,79,84,83
850118A768B7,82,85,83
31590F7B7763,69,85,83
F9E063FA0533,79,85,83
746053366BAE,82,86,83
E243123D40A3,79,88,83
B11DB932EAF4,74,88,83
5A45CFCB4819,79,88,83
A72A4B827F1F,94,91,83
7A26BADAAED8,81,93,83
37A85E7A9749,81,78,84
535324A831C9,73,81,84
42F0AA2F9D91,75,81,84
3BFA1D44412E,65,82,84
18CBFA9D3A9F,83,83,84
B9D6C7F5FF5A,69,83,84
F9B0DC5C7DF1,67,84,84
77AF04C9984F,79,84,84
AE79A2647B1A,83,85,84
FE3AA8261DD9,74,85,84
7B093209362E,81,85,84
F5298C3969C6,68,85,84
08E6DDE2B401,86,87,84
E5A602A9BE24,79,88,84
2096CE6C860C,75,92,84
9F97989FCF38,83,78,85
B7B4ACCB8AFF,79,79,85
3C28706699FF,71,80,85
E0648B7ECCC1,71,83,85
56B21BB78916,74,83,85
796D385FDBF8,73,84,85
8AEB22EA9D82,93,85,85
E8450AABFAE0,82,86,85
7379CFC3AC91,84,88,85
743680BE1054,79,89,85
4A660B4E1D12,100,91,85
C01EAFEA58A1,89,92,85
42FB56EC8C78,92,92,85
C5B96B45072B,73,94,85
B3B622408D13,76,81,86
A0E856172798,74,83,86
5E739E6D8A2E,91,83,86
A9A1C46CCD43,81,83,86
22A3124CE238,82,83,86
0DED9F9A8E71,94,84,86
94C322D12EAA,71,86,86
D9CC11ECB4CD,79,86,86
70318659DA49,87,86,86
28C179918559,66,86,86
F4B18EB4652C,91,86,86
788605FA78E3,87,87,86
5A1249CDF04E,86,90,86
484AE33D75C2,97,92,86
2EACDC900E12,67,78,87
7286421C667B,73,80,87
714CD6449C5A,83,81,87
C0D9D57CDFB5,55,81,87
4A4F86CD223A,76,82,87
2628B6C73823,70,82,87
C6CC75D21FD5,69,84,87
A4DDF2611E1B,87,84,87
A68B565F7563,97,86,87
494F29C45DCC,78,88,87
B0F469323C07,67,89,87
F373F78C6D5F,70,91,87
94BE06351E17,84,91,87
0B184DE679DF,95,92,87
70FF58B9C7DD,100,92,87
6E39B11464EC,84,93,87
16B945B4F6A3,79,93,87
5DA75D60A08F,85,93,87
0CAC5F6B3996,69,84,88
AC24B8F7F056,69,89,88
A70181EB606E,68,90,88
2F413E4EE22D,82,90,88
4FE1456322D6,78,91,88
DE33DEC4FDCD,79,92,88
0B7376C9C407,73,93,88
FCF3BECE85DB,87,94,88
6442CBCC4037,91,95,88
F21905D7B85A,79,95,88
C8574C60065B,72,76,89
850F8A790B75,83,83,89
DAFE21A78436,86,84,89
10A59A9DEFE2,77,84,89
5A61416FBF21,73,85,89
3767E44F3D48,79,85,89
EA97055B693D,85,86,89
2A5EA8897879,82,86,89
0059A6F2ADF5,89,86,89
5588DD6C0456,71,87,89
57F3F42BD944,71,89,89
B5A0C46A7724,84,89,89
47FBC06F7B7E,73,89,89
0C108BF0169F,76,90,89
CCFB414E82E8,72,90,89
F69A0BA4F672,90,90,89
CB23C2947084,90,90,89
6F065B77DFD5,72,91,89
24B89DBFFA60,86,85,90
CC2F6B0D91F4,96,86,90
1AB55D32677B,80,86,90
ED0E37CE9935,90,88,90
1243543B5EFD,97,89,90
755F04082BAB,90,89,90
3FDAB6F305D8,74,90,90
A93879718E9D,77,91,90
6E62EDEEC905,87,92,90
DAADC4661AC4,81,92,90
44A085BE590E,77,92,90
20C92DB730F1,75,92,90
0161F5927B78,80,92,90
8790EA6B8CDE,89,96,90
FF22577E45D8,96,99,90
DCF9EF4295F6,82,83,91
033172297292,84,85,91
0EF3C5297A89,89,86,91
D345B1BE6187,73,88,91
AB4746B271B3,86,90,91
C3CD4332FA2E,68,91,91
A722B4A41DA5,89,92,91
E6685CBEABBA,83,95,91
7E12EF45845C,93,96,91
2CA5D66C2B57,73,83,92
7CF1A68E71B8,88,86,92
94D4574C3B0D,90,89,92
8A94506388C0,74,90,92
0445FC9B4632,83,91,92
38C241BD0FED,74,92,92
1AA86235A6D3,90,96,92
5F8BCBBE8780,77,83,93
C158F8DC25B8,82,85,93
B6EA96E03FF2,78,87,93
2A28170EA799,100,89,93
62CB56474A7A,79,89,93
87F1C2D9475D,90,91,93
9D0F9CA02EE7,84,92,93
56747CA55ADC,88,88,94
A3CDEB58BAA6,87,90,94
DBAAC7297A6A,83,92,94
B085E265E830,96,92,94
5C43B9A2C33B,95,93,94
573BC4E4E417,98,93,94
AF3AD9493150,85,94,94
B374656E7427,85,95,94
344AA8D3FA25,79,96,94
A04586F90A7E,80,96,94
6EE914FC1236,94,96,94
4C6303134A1E,90,97,94
8E407B81CF7E,82,98,94
347250BD864D,76,91,95
04495CEFE495,95,91,95
5AF08359EDB6,79,92,95
694905FF027C,93,93,95
71C6C7E89DB8,77,97,95
D34FAAA5668C,92,100,95
AABDA9BE3390,99,85,96
9010C0B8DDBD,80,95,96
C9211E914C49,88,95,96
332285B6EBDC,95,96,96
73DB180358CD,94,99,96
2E7E5693DF2B,91,100,96
04C3C0632C23,88,93,97
12F1FE1AF216,80,94,97
677C00429B6D,96,97,97
9B1A3F4C18BD,89,100,97
432269DF3FF6,89,91,98
7949C5218FD5,90,95,98
03CCCA86CF64,75,97,98
845B9B607D99,95,100,98
7A89D7197A23,91,100,98
B9908308D2A4,75,89,99
3DBCE4CA0A9C,92,97,99
B55DE8FD219E,82,99,99
738FFAD6D082,88,100,99
B875D6F4F4B3,100,100,99
2F3AFBD37AF5,96,94,100
51EE8B706538,96,94,100
6806D8C56948,92,96,100
BC3151E8C08B,87,96,100
00924D20099D,98,99,100
78B70E4F2601,90,99,100
8B22437CACFD,94,99,100
60D2154DAB86,100,100,100
6C6C51C7790D,90,100,100
BB0F6ABDD3BF,96,100,100
F00D3F11BCFE,93,100,100
81B7756E2D7C,96,100,100
585A3A9258FD,100,100,100
539B36A54321,99,100,100
0DB4F0C08BD8,100,100,100
947C271E8FDC,90,100,100
0B34820D8833,99,100,100
